Time,sensorLL,sensorCL,sensorCR,sensorRR,motorL,motorR
0.0,34.0,45.0,34.0,31.0,0.0,100.0
6.0,34.0,45.0,34.0,31.0,30.0,90.0
12.0,34.0,45.0,34.0,32.0,30.0,90.0
51.0,34.0,45.0,34.0,32.0,30.0,90.0
90.0,35.0,46.0,34.0,32.0,30.0,90.0
128.0,40.0,44.0,33.0,32.0,30.0,90.0
168.0,45.0,46.0,33.0,32.0,0.0,100.0
207.0,48.0,43.0,32.0,31.0,0.0,100.0
247.0,45.0,45.0,33.0,32.0,0.0,100.0
287.0,36.0,45.0,33.0,32.0,79.0,41.0
326.0,34.0,43.0,34.0,32.0,30.0,90.0
366.0,34.0,44.0,34.0,32.0,30.0,90.0
405.0,34.0,43.0,35.0,31.0,30.0,90.0
444.0,34.0,39.0,39.0,32.0,30.0,90.0
484.0,32.0,34.0,57.0,32.0,100.0,0.0
523.0,33.0,32.0,69.0,33.0,90.0,30.0
563.0,33.0,32.0,62.0,32.0,90.0,30.0
602.0,33.0,32.0,62.0,32.0,90.0,30.0
642.0,33.0,34.0,48.0,31.0,90.0,30.0
682.0,33.0,41.0,35.0,30.0,0.0,100.0
721.0,34.0,43.0,33.0,31.0,30.0,90.0
761.0,34.0,44.0,33.0,31.0,30.0,90.0
800.0,34.0,43.0,33.0,31.0,30.0,90.0
840.0,34.0,41.0,33.0,31.0,30.0,90.0
879.0,33.0,44.0,33.0,32.0,30.0,90.0
919.0,32.0,39.0,38.0,31.0,30.0,90.0
959.0,33.0,32.0,61.0,32.0,100.0,0.0
997.0,32.0,32.0,98.0,34.0,90.0,30.0
1037.0,32.0,31.0,60.0,35.0,90.0,30.0
1077.0,33.0,30.0,44.0,48.0,100.0,0.0
1118.0,32.0,31.0,34.0,60.0,100.0,0.0
1159.0,32.0,31.0,33.0,47.0,100.0,0.0
1199.0,33.0,31.0,33.0,48.0,100.0,0.0
1240.0,33.0,30.0,33.0,55.0,100.0,0.0
1281.0,33.0,32.0,37.0,83.0,100.0,0.0
1321.0,33.0,32.0,100.0,37.0,0.0,100.0
1363.0,33.0,32.0,103.0,32.0,90.0,30.0
1404.0,33.0,35.0,49.0,32.0,90.0,30.0
1445.0,34.0,44.0,34.0,32.0,0.0,100.0
1486.0,41.0,45.0,33.0,32.0,0.0,100.0
1526.0,46.0,43.0,32.0,30.0,0.0,100.0
1567.0,42.0,46.0,33.0,32.0,0.0,100.0
1607.0,36.0,47.0,33.0,31.0,79.0,41.0
1648.0,34.0,45.0,34.0,32.0,30.0,90.0
1689.0,33.0,43.0,34.0,32.0,30.0,90.0
1729.0,33.0,43.0,34.0,32.0,30.0,90.0
1770.0,33.0,37.0,44.0,33.0,100.0,0.0
1809.0,34.0,33.0,85.0,32.0,90.0,30.0
1850.0,34.0,34.0,67.0,32.0,90.0,30.0
1891.0,33.0,32.0,106.0,32.0,90.0,30.0
1932.0,32.0,32.0,92.0,32.0,90.0,30.0
1973.0,33.0,32.0,106.0,33.0,90.0,30.0
2015.0,33.0,32.0,79.0,38.0,90.0,30.0
2055.0,32.0,32.0,47.0,54.0,100.0,0.0
2096.0,33.0,31.0,36.0,87.0,100.0,0.0
2136.0,33.0,31.0,33.0,88.0,100.0,0.0
2177.0,32.0,31.0,34.0,57.0,100.0,0.0
2218.0,32.0,31.0,37.0,56.0,100.0,0.0
2258.0,33.0,31.0,45.0,45.0,70.0,50.0
2299.0,33.0,31.0,64.0,38.0,41.0,79.0
2339.0,33.0,31.0,64.0,39.0,90.0,30.0
2380.0,33.0,32.0,40.0,62.0,100.0,0.0
2421.0,33.0,31.0,35.0,47.0,100.0,0.0
2461.0,32.0,31.0,39.0,54.0,100.0,0.0
2502.0,32.0,31.0,55.0,37.0,0.0,100.0
2542.0,33.0,31.0,57.0,31.0,90.0,30.0
2583.0,33.0,32.0,50.0,32.0,90.0,30.0
2624.0,33.0,38.0,40.0,32.0,90.0,30.0
2663.0,34.0,42.0,33.0,31.0,0.0,100.0
2704.0,54.0,38.0,33.0,31.0,0.0,100.0
2745.0,52.0,33.0,32.0,32.0,0.0,100.0
2785.0,55.0,35.0,33.0,32.0,0.0,100.0
2826.0,53.0,39.0,33.0,31.0,0.0,100.0
2866.0,40.0,47.0,33.0,32.0,100.0,0.0
2907.0,35.0,45.0,33.0,31.0,30.0,90.0
2948.0,36.0,45.0,34.0,32.0,30.0,90.0
2988.0,37.0,44.0,33.0,31.0,30.0,90.0
3029.0,39.0,44.0,33.0,31.0,30.0,90.0
3069.0,43.0,43.0,33.0,31.0,0.0,100.0
3110.0,79.0,41.0,34.0,32.0,0.0,100.0
3151.0,69.0,39.0,33.0,32.0,0.0,100.0
3191.0,53.0,40.0,33.0,32.0,0.0,100.0
3232.0,46.0,45.0,34.0,32.0,50.0,70.0
3272.0,37.0,45.0,33.0,33.0,79.0,41.0
3313.0,36.0,44.0,33.0,32.0,30.0,90.0
3354.0,38.0,46.0,33.0,31.0,30.0,90.0
3394.0,36.0,43.0,33.0,32.0,30.0,90.0
3435.0,34.0,45.0,32.0,32.0,30.0,90.0
3474.0,34.0,43.0,33.0,32.0,30.0,90.0
3515.0,34.0,42.0,36.0,32.0,30.0,90.0
3556.0,33.0,37.0,41.0,32.0,100.0,0.0
3596.0,34.0,35.0,46.0,32.0,90.0,30.0
3637.0,33.0,38.0,41.0,31.0,90.0,30.0
3678.0,34.0,43.0,34.0,31.0,0.0,100.0
3718.0,36.0,45.0,34.0,32.0,30.0,90.0
3759.0,36.0,48.0,33.0,32.0,30.0,90.0
3799.0,35.0,44.0,33.0,32.0,30.0,90.0
3840.0,35.0,43.0,33.0,31.0,30.0,90.0
3881.0,34.0,43.0,32.0,32.0,30.0,90.0
3921.0,34.0,44.0,34.0,31.0,30.0,90.0
3962.0,33.0,41.0,35.0,32.0,30.0,90.0
4002.0,34.0,35.0,79.0,32.0,100.0,0.0
4043.0,33.0,32.0,138.0,33.0,90.0,30.0
4085.0,33.0,32.0,101.0,34.0,90.0,30.0
4126.0,33.0,32.0,79.0,33.0,90.0,30.0
4167.0,33.0,32.0,109.0,34.0,90.0,30.0
4209.0,33.0,32.0,72.0,32.0,90.0,30.0
4249.0,32.0,31.0,74.0,32.0,90.0,30.0
4290.0,33.0,32.0,81.0,32.0,90.0,30.0
4330.0,33.0,32.0,59.0,32.0,90.0,30.0
4370.0,33.0,33.0,119.0,32.0,90.0,30.0
4412.0,32.0,34.0,114.0,33.0,90.0,30.0
4453.0,33.0,33.0,95.0,33.0,90.0,30.0
4494.0,33.0,31.0,94.0,32.0,90.0,30.0
4534.0,33.0,31.0,102.0,35.0,90.0,30.0
4576.0,32.0,31.0,92.0,37.0,90.0,30.0
4617.0,33.0,31.0,78.0,33.0,90.0,30.0
4657.0,33.0,32.0,49.0,31.0,90.0,30.0
4698.0,36.0,44.0,33.0,31.0,0.0,100.0
4738.0,45.0,31.0,32.0,32.0,0.0,100.0
4779.0,33.0,31.0,32.0,31.0,0.0,100.0
4820.0,33.0,32.0,32.0,32.0,0.0,100.0
4860.0,33.0,31.0,32.0,32.0,0.0,100.0
4901.0,33.0,31.0,33.0,31.0,0.0,100.0
4942.0,33.0,31.0,33.0,31.0,0.0,100.0
4982.0,33.0,31.0,33.0,32.0,0.0,100.0
5023.0,33.0,31.0,32.0,32.0,0.0,100.0
5063.0,33.0,32.0,32.0,31.0,0.0,100.0
5104.0,33.0,31.0,33.0,31.0,0.0,100.0
5145.0,33.0,31.0,32.0,31.0,0.0,100.0
5185.0,33.0,31.0,32.0,31.0,0.0,100.0
5226.0,33.0,32.0,33.0,30.0,0.0,100.0
5265.0,42.0,32.0,32.0,31.0,0.0,100.0
5306.0,50.0,34.0,32.0,31.0,0.0,100.0
5347.0,34.0,44.0,34.0,32.0,100.0,0.0
5387.0,33.0,34.0,115.0,32.0,100.0,0.0
5429.0,33.0,32.0,124.0,45.0,100.0,0.0
5470.0,34.0,31.0,41.0,142.0,100.0,0.0
5512.0,33.0,32.0,38.0,112.0,100.0,0.0
5554.0,34.0,32.0,36.0,114.0,100.0,0.0
5595.0,33.0,32.0,36.0,106.0,100.0,0.0
5637.0,33.0,31.0,41.0,85.0,70.0,50.0
5678.0,33.0,31.0,50.0,42.0,100.0,0.0
5718.0,32.0,32.0,108.0,34.0,41.0,79.0
5760.0,33.0,33.0,59.0,32.0,90.0,30.0
5800.0,33.0,40.0,39.0,31.0,90.0,30.0
5841.0,36.0,45.0,33.0,31.0,0.0,100.0
5882.0,52.0,33.0,33.0,31.0,0.0,100.0
5922.0,42.0,31.0,32.0,31.0,0.0,100.0
5963.0,44.0,32.0,33.0,31.0,0.0,100.0
6003.0,45.0,31.0,32.0,31.0,0.0,100.0
6044.0,44.0,32.0,32.0,32.0,0.0,100.0
6085.0,47.0,32.0,33.0,32.0,0.0,100.0
6125.0,46.0,31.0,33.0,31.0,0.0,100.0
6166.0,51.0,36.0,33.0,32.0,0.0,100.0
6207.0,39.0,45.0,33.0,31.0,100.0,0.0
6246.0,34.0,44.0,34.0,32.0,30.0,90.0
6287.0,34.0,42.0,34.0,31.0,30.0,90.0
6327.0,33.0,39.0,39.0,32.0,30.0,90.0
6368.0,33.0,33.0,65.0,32.0,100.0,0.0
6409.0,33.0,32.0,139.0,32.0,90.0,30.0
6450.0,33.0,31.0,97.0,33.0,90.0,30.0
6491.0,33.0,32.0,94.0,32.0,90.0,30.0
6531.0,33.0,33.0,84.0,33.0,90.0,30.0
6572.0,33.0,40.0,38.0,31.0,90.0,30.0
6613.0,34.0,43.0,32.0,31.0,0.0,100.0
6653.0,48.0,40.0,33.0,31.0,0.0,100.0
6694.0,49.0,36.0,33.0,31.0,0.0,100.0
6734.0,54.0,39.0,33.0,32.0,0.0,100.0
6775.0,41.0,43.0,33.0,31.0,50.0,70.0
6816.0,35.0,45.0,33.0,32.0,79.0,41.0
6856.0,34.0,44.0,33.0,31.0,30.0,90.0
6897.0,33.0,42.0,33.0,31.0,30.0,90.0
6938.0,33.0,41.0,34.0,30.0,30.0,90.0
6978.0,33.0,34.0,61.0,32.0,100.0,0.0
7019.0,33.0,32.0,98.0,40.0,90.0,30.0
7058.0,32.0,31.0,39.0,88.0,100.0,0.0
7099.0,33.0,31.0,34.0,101.0,100.0,0.0
7141.0,33.0,31.0,33.0,42.0,100.0,0.0
7181.0,33.0,31.0,33.0,39.0,100.0,0.0
7222.0,33.0,31.0,32.0,41.0,100.0,0.0
7262.0,33.0,31.0,32.0,182.0,100.0,0.0
7304.0,33.0,31.0,33.0,50.0,100.0,0.0
7345.0,33.0,31.0,41.0,73.0,70.0,50.0
7385.0,32.0,31.0,130.0,35.0,41.0,79.0
7427.0,33.0,32.0,123.0,32.0,90.0,30.0
7468.0,34.0,32.0,108.0,33.0,90.0,30.0
7510.0,33.0,32.0,58.0,34.0,90.0,30.0
7551.0,33.0,32.0,129.0,37.0,90.0,30.0
7592.0,33.0,32.0,134.0,40.0,90.0,30.0
7634.0,33.0,32.0,55.0,139.0,100.0,0.0
7676.0,33.0,31.0,44.0,305.0,100.0,0.0
7717.0,33.0,31.0,33.0,47.0,100.0,0.0
7758.0,32.0,32.0,33.0,44.0,100.0,0.0
7798.0,33.0,30.0,33.0,46.0,100.0,0.0
7839.0,33.0,31.0,33.0,54.0,100.0,0.0
7880.0,33.0,31.0,35.0,84.0,100.0,0.0
7920.0,32.0,32.0,79.0,35.0,0.0,100.0
7961.0,33.0,33.0,61.0,31.0,90.0,30.0
8001.0,33.0,40.0,39.0,32.0,90.0,30.0
8042.0,36.0,46.0,34.0,32.0,0.0,100.0
8082.0,53.0,36.0,33.0,32.0,0.0,100.0
8122.0,46.0,32.0,33.0,32.0,0.0,100.0
8163.0,36.0,30.0,32.0,31.0,0.0,100.0
8204.0,34.0,31.0,33.0,31.0,0.0,100.0
8244.0,33.0,31.0,32.0,31.0,0.0,100.0
8285.0,33.0,32.0,33.0,31.0,0.0,100.0
8325.0,33.0,31.0,32.0,31.0,0.0,100.0
8366.0,33.0,31.0,33.0,31.0,0.0,100.0
8407.0,34.0,31.0,33.0,31.0,0.0,100.0
8447.0,38.0,31.0,33.0,32.0,0.0,100.0
8488.0,46.0,32.0,32.0,31.0,0.0,100.0
8528.0,51.0,36.0,33.0,31.0,0.0,100.0
8569.0,34.0,43.0,33.0,31.0,100.0,0.0
8610.0,33.0,37.0,42.0,32.0,100.0,0.0
8650.0,33.0,33.0,87.0,32.0,90.0,30.0
8691.0,33.0,31.0,60.0,32.0,90.0,30.0
8731.0,32.0,31.0,60.0,32.0,90.0,30.0
8772.0,33.0,32.0,109.0,33.0,90.0,30.0
8814.0,32.0,31.0,87.0,32.0,90.0,30.0
8854.0,33.0,32.0,60.0,31.0,90.0,30.0
8895.0,34.0,38.0,39.0,32.0,90.0,30.0
8935.0,34.0,45.0,33.0,32.0,0.0,100.0
8975.0,53.0,36.0,33.0,32.0,0.0,100.0
9016.0,45.0,31.0,32.0,32.0,0.0,100.0
9056.0,38.0,31.0,33.0,32.0,0.0,100.0
9097.0,34.0,31.0,32.0,31.0,0.0,100.0
9138.0,33.0,31.0,31.0,31.0,0.0,100.0
9178.0,33.0,31.0,32.0,32.0,0.0,100.0
9219.0,33.0,31.0,33.0,31.0,0.0,100.0
9259.0,33.0,33.0,33.0,31.0,0.0,100.0
9300.0,33.0,31.0,32.0,31.0,0.0,100.0
9341.0,33.0,31.0,33.0,31.0,0.0,100.0
9381.0,33.0,32.0,32.0,32.0,0.0,100.0
9422.0,34.0,31.0,33.0,31.0,0.0,100.0
9462.0,65.0,32.0,33.0,32.0,0.0,100.0
9503.0,41.0,48.0,34.0,33.0,50.0,70.0
9544.0,33.0,34.0,279.0,54.0,100.0,0.0
9585.0,33.0,32.0,33.0,36.0,100.0,0.0
9626.0,33.0,32.0,33.0,32.0,100.0,0.0
9667.0,32.0,31.0,32.0,32.0,100.0,0.0
9707.0,33.0,31.0,32.0,31.0,100.0,0.0
9748.0,32.0,31.0,32.0,33.0,100.0,0.0
9787.0,33.0,31.0,33.0,31.0,100.0,0.0
9828.0,32.0,31.0,33.0,31.0,100.0,0.0
9869.0,33.0,31.0,32.0,32.0,100.0,0.0
9909.0,32.0,31.0,32.0,31.0,100.0,0.0
9950.0,32.0,31.0,33.0,31.0,100.0,0.0
9990.0,32.0,31.0,32.0,31.0,100.0,0.0
10031.0,33.0,31.0,33.0,31.0,100.0,0.0
10073.0,32.0,31.0,32.0,32.0,100.0,0.0
10114.0,33.0,31.0,32.0,31.0,100.0,0.0
10156.0,32.0,31.0,33.0,50.0,100.0,0.0
10197.0,33.0,32.0,145.0,40.0,0.0,100.0
10240.0,40.0,45.0,34.0,31.0,0.0,100.0
10282.0,48.0,35.0,33.0,32.0,0.0,100.0
10323.0,46.0,32.0,33.0,31.0,0.0,100.0
10365.0,41.0,32.0,33.0,31.0,0.0,100.0
10407.0,40.0,31.0,32.0,31.0,0.0,100.0
10448.0,38.0,31.0,33.0,32.0,0.0,100.0
10490.0,39.0,31.0,33.0,32.0,0.0,100.0
10532.0,41.0,31.0,34.0,32.0,0.0,100.0
10573.0,44.0,32.0,33.0,32.0,0.0,100.0
10615.0,46.0,32.0,32.0,31.0,0.0,100.0
10656.0,49.0,37.0,32.0,31.0,0.0,100.0
10698.0,34.0,42.0,33.0,32.0,100.0,0.0
10740.0,33.0,37.0,41.0,32.0,100.0,0.0
10781.0,33.0,34.0,87.0,32.0,90.0,30.0
10823.0,33.0,34.0,62.0,32.0,90.0,30.0
10865.0,33.0,32.0,81.0,32.0,90.0,30.0
10906.0,33.0,31.0,110.0,32.0,90.0,30.0
10949.0,33.0,32.0,81.0,33.0,90.0,30.0
10990.0,33.0,31.0,100.0,32.0,90.0,30.0
11033.0,33.0,32.0,67.0,33.0,90.0,30.0
11075.0,33.0,33.0,80.0,32.0,90.0,30.0
11116.0,33.0,36.0,46.0,31.0,90.0,30.0
11158.0,34.0,44.0,34.0,32.0,0.0,100.0
11200.0,49.0,43.0,33.0,31.0,0.0,100.0
11240.0,53.0,37.0,34.0,32.0,0.0,100.0
11282.0,53.0,38.0,33.0,31.0,0.0,100.0
11323.0,42.0,40.0,33.0,31.0,0.0,100.0
11365.0,35.0,43.0,33.0,31.0,100.0,0.0
11407.0,33.0,43.0,34.0,31.0,30.0,90.0
11448.0,33.0,41.0,34.0,31.0,30.0,90.0
11490.0,33.0,43.0,35.0,32.0,30.0,90.0
11532.0,33.0,39.0,37.0,32.0,30.0,90.0
11573.0,33.0,37.0,40.0,32.0,30.0,90.0
11615.0,33.0,37.0,40.0,31.0,30.0,90.0
11656.0,33.0,37.0,41.0,32.0,100.0,0.0
11698.0,33.0,41.0,39.0,33.0,0.0,100.0
11740.0,39.0,45.0,33.0,31.0,30.0,90.0
11781.0,54.0,42.0,32.0,31.0,0.0,100.0
11823.0,49.0,34.0,32.0,31.0,0.0,100.0
11865.0,44.0,31.0,32.0,31.0,0.0,100.0
11906.0,40.0,31.0,32.0,32.0,0.0,100.0
11948.0,38.0,31.0,32.0,32.0,0.0,100.0
11989.0,36.0,31.0,32.0,31.0,0.0,100.0
12031.0,35.0,32.0,33.0,31.0,0.0,100.0
12073.0,35.0,32.0,33.0,32.0,0.0,100.0
12114.0,35.0,32.0,33.0,32.0,0.0,100.0
12156.0,36.0,31.0,33.0,32.0,0.0,100.0
12198.0,37.0,32.0,32.0,31.0,0.0,100.0
12239.0,41.0,31.0,32.0,32.0,0.0,100.0
12281.0,44.0,31.0,32.0,32.0,0.0,100.0
12322.0,50.0,35.0,33.0,31.0,0.0,100.0
12364.0,35.0,44.0,33.0,31.0,100.0,0.0
12406.0,34.0,40.0,37.0,32.0,30.0,90.0
12447.0,33.0,33.0,80.0,32.0,100.0,0.0
12489.0,33.0,32.0,115.0,34.0,90.0,30.0
12532.0,33.0,31.0,85.0,40.0,90.0,30.0
12573.0,33.0,32.0,66.0,38.0,90.0,30.0
12615.0,33.0,32.0,92.0,34.0,90.0,30.0
12656.0,33.0,32.0,112.0,32.0,90.0,30.0
12699.0,34.0,35.0,43.0,32.0,90.0,30.0
12741.0,34.0,43.0,34.0,31.0,0.0,100.0
12782.0,40.0,43.0,33.0,31.0,30.0,90.0
12824.0,46.0,38.0,32.0,31.0,0.0,100.0
12866.0,46.0,38.0,33.0,31.0,0.0,100.0
12907.0,40.0,42.0,32.0,31.0,100.0,0.0
12949.0,34.0,44.0,33.0,32.0,30.0,90.0
12989.0,35.0,42.0,33.0,31.0,30.0,90.0
13031.0,33.0,42.0,33.0,31.0,30.0,90.0
13073.0,33.0,43.0,278.0,193.0,30.0,90.0
13116.0,33.0,31.0,33.0,32.0,30.0,90.0
13158.0,33.0,31.0,33.0,32.0,30.0,90.0
13200.0,33.0,32.0,33.0,31.0,30.0,90.0
13241.0,33.0,31.0,33.0,31.0,30.0,90.0
13283.0,33.0,31.0,33.0,31.0,30.0,90.0
13324.0,33.0,31.0,32.0,31.0,30.0,90.0
13366.0,33.0,31.0,33.0,32.0,30.0,90.0
13408.0,32.0,31.0,33.0,31.0,30.0,90.0
13449.0,32.0,31.0,33.0,31.0,30.0,90.0
13491.0,33.0,31.0,33.0,32.0,30.0,90.0
13533.0,33.0,31.0,33.0,31.0,30.0,90.0
13574.0,34.0,31.0,33.0,31.0,30.0,90.0
13616.0,33.0,31.0,32.0,32.0,30.0,90.0
13657.0,33.0,31.0,32.0,31.0,30.0,90.0
13699.0,33.0,31.0,32.0,31.0,30.0,90.0
13741.0,33.0,31.0,33.0,31.0,30.0,90.0
13782.0,33.0,30.0,32.0,31.0,30.0,90.0
13824.0,33.0,32.0,33.0,31.0,30.0,90.0
13866.0,33.0,31.0,32.0,31.0,30.0,90.0
13907.0,33.0,30.0,32.0,32.0,30.0,90.0
13949.0,33.0,32.0,33.0,31.0,30.0,90.0
13990.0,33.0,32.0,32.0,31.0,30.0,90.0
14032.0,33.0,31.0,33.0,31.0,30.0,90.0
14074.0,32.0,31.0,32.0,30.0,30.0,90.0
14115.0,33.0,31.0,32.0,32.0,30.0,90.0
14157.0,32.0,31.0,33.0,31.0,30.0,90.0
14199.0,33.0,32.0,33.0,32.0,30.0,90.0
14240.0,33.0,31.0,33.0,32.0,30.0,90.0
14282.0,33.0,31.0,32.0,31.0,30.0,90.0
14323.0,33.0,31.0,33.0,32.0,30.0,90.0
14365.0,33.0,31.0,33.0,31.0,30.0,90.0
14407.0,33.0,31.0,33.0,30.0,30.0,90.0
14448.0,33.0,31.0,32.0,31.0,30.0,90.0
14490.0,33.0,32.0,33.0,31.0,30.0,90.0
14532.0,33.0,32.0,33.0,32.0,30.0,90.0
14573.0,33.0,32.0,33.0,32.0,30.0,90.0
14615.0,32.0,31.0,33.0,32.0,30.0,90.0
14656.0,33.0,31.0,33.0,32.0,30.0,90.0
14698.0,33.0,32.0,33.0,32.0,30.0,90.0
14740.0,33.0,31.0,33.0,32.0,30.0,90.0
14780.0,33.0,32.0,33.0,32.0,30.0,90.0
14822.0,32.0,31.0,33.0,31.0,30.0,90.0
14864.0,33.0,32.0,33.0,42.0,100.0,0.0
14905.0,34.0,32.0,39.0,49.0,100.0,0.0
14947.0,33.0,32.0,106.0,35.0,0.0,100.0
14989.0,34.0,43.0,39.0,31.0,0.0,100.0
15031.0,35.0,45.0,34.0,32.0,30.0,90.0
15073.0,38.0,171.0,33.0,32.0,30.0,90.0
15115.0,35.0,49.0,215.0,36.0,100.0,10.0
15159.0,33.0,32.0,34.0,105.0,100.0,0.0
15202.0,33.0,31.0,33.0,31.0,100.0,0.0
15243.0,33.0,32.0,33.0,32.0,100.0,0.0
15285.0,34.0,32.0,33.0,32.0,100.0,0.0
15327.0,33.0,31.0,33.0,32.0,100.0,0.0
15368.0,33.0,31.0,33.0,32.0,100.0,0.0
15410.0,32.0,31.0,33.0,31.0,100.0,0.0
15451.0,33.0,32.0,33.0,33.0,100.0,0.0
15493.0,33.0,31.0,33.0,41.0,100.0,0.0
15535.0,33.0,32.0,42.0,60.0,70.0,50.0
15576.0,33.0,37.0,73.0,32.0,41.0,79.0
15618.0,54.0,45.0,33.0,31.0,0.0,100.0
15660.0,48.0,32.0,32.0,31.0,0.0,100.0
15701.0,36.0,31.0,32.0,31.0,0.0,100.0
15743.0,33.0,31.0,32.0,31.0,0.0,100.0
15784.0,33.0,30.0,32.0,32.0,0.0,100.0
15826.0,34.0,32.0,33.0,31.0,0.0,100.0
15868.0,35.0,32.0,33.0,32.0,0.0,100.0
15909.0,37.0,31.0,33.0,31.0,0.0,100.0
15951.0,39.0,31.0,33.0,31.0,0.0,100.0
15993.0,43.0,32.0,33.0,32.0,0.0,100.0
16034.0,46.0,32.0,33.0,31.0,0.0,100.0
16076.0,49.0,32.0,33.0,32.0,0.0,100.0
16117.0,45.0,39.0,32.0,30.0,0.0,100.0
16159.0,34.0,43.0,33.0,30.0,100.0,0.0
16201.0,34.0,38.0,39.0,32.0,30.0,90.0
16242.0,33.0,34.0,47.0,31.0,100.0,0.0
16284.0,33.0,31.0,132.0,32.0,90.0,30.0
16327.0,33.0,32.0,148.0,33.0,90.0,30.0
16369.0,33.0,32.0,77.0,32.0,90.0,30.0
16411.0,33.0,37.0,42.0,32.0,90.0,30.0
16452.0,33.0,42.0,34.0,31.0,0.0,100.0
16494.0,41.0,43.0,33.0,31.0,0.0,100.0
16536.0,46.0,40.0,33.0,32.0,0.0,100.0
16577.0,41.0,44.0,33.0,31.0,50.0,70.0
16619.0,37.0,43.0,32.0,31.0,79.0,41.0
16661.0,39.0,42.0,32.0,31.0,30.0,90.0
16701.0,45.0,39.0,32.0,31.0,0.0,100.0
16743.0,40.0,43.0,33.0,31.0,100.0,0.0
16784.0,38.0,43.0,32.0,32.0,30.0,90.0
16826.0,43.0,40.0,33.0,32.0,0.0,100.0
16868.0,41.0,42.0,33.0,31.0,50.0,70.0
16909.0,36.0,43.0,33.0,31.0,79.0,41.0
16951.0,36.0,43.0,33.0,31.0,30.0,90.0
16993.0,36.0,43.0,33.0,32.0,30.0,90.0
17034.0,35.0,43.0,33.0,32.0,30.0,90.0
17076.0,33.0,44.0,36.0,32.0,30.0,90.0
17117.0,33.0,39.0,40.0,32.0,30.0,90.0
17159.0,34.0,32.0,90.0,32.0,100.0,0.0
17201.0,33.0,32.0,140.0,34.0,90.0,30.0
17243.0,33.0,31.0,63.0,33.0,90.0,30.0
17285.0,33.0,32.0,53.0,32.0,90.0,30.0
17327.0,33.0,34.0,48.0,32.0,90.0,30.0
17368.0,33.0,42.0,34.0,32.0,0.0,100.0
17410.0,38.0,44.0,33.0,32.0,30.0,90.0
17451.0,47.0,39.0,33.0,32.0,0.0,100.0
17493.0,50.0,38.0,33.0,31.0,0.0,100.0
17535.0,47.0,41.0,33.0,31.0,50.0,70.0
17576.0,42.0,208.0,34.0,31.0,0.0,100.0
17619.0,44.0,44.0,34.0,32.0,0.0,100.0
17661.0,36.0,45.0,34.0,32.0,79.0,41.0
17702.0,34.0,44.0,33.0,32.0,30.0,90.0
17744.0,34.0,42.0,34.0,32.0,30.0,90.0
17785.0,33.0,38.0,38.0,31.0,30.0,90.0
17827.0,32.0,32.0,55.0,31.0,100.0,0.0
17869.0,32.0,31.0,75.0,32.0,90.0,30.0
17910.0,32.0,31.0,85.0,33.0,90.0,30.0
17952.0,34.0,32.0,66.0,32.0,90.0,30.0
17994.0,33.0,32.0,61.0,31.0,90.0,30.0
18035.0,33.0,38.0,39.0,32.0,90.0,30.0
18077.0,34.0,43.0,33.0,31.0,0.0,100.0
18118.0,51.0,38.0,33.0,31.0,0.0,100.0
18160.0,48.0,33.0,32.0,31.0,0.0,100.0
18202.0,46.0,32.0,33.0,31.0,0.0,100.0
18243.0,46.0,32.0,32.0,30.0,0.0,100.0
18285.0,47.0,33.0,32.0,31.0,0.0,100.0
18327.0,48.0,35.0,34.0,31.0,0.0,100.0
18368.0,42.0,44.0,33.0,31.0,50.0,70.0
18410.0,35.0,43.0,33.0,31.0,79.0,41.0
18450.0,35.0,43.0,33.0,31.0,30.0,90.0
18492.0,35.0,43.0,33.0,32.0,30.0,90.0
18534.0,34.0,44.0,33.0,32.0,30.0,90.0
18575.0,33.0,42.0,34.0,32.0,30.0,90.0
18617.0,33.0,40.0,38.0,32.0,30.0,90.0
18659.0,33.0,33.0,64.0,32.0,100.0,0.0
18700.0,33.0,31.0,99.0,33.0,90.0,30.0
18742.0,33.0,32.0,71.0,33.0,90.0,30.0
18783.0,33.0,33.0,107.0,33.0,90.0,30.0
18826.0,34.0,39.0,37.0,31.0,90.0,30.0
18868.0,35.0,45.0,34.0,33.0,0.0,100.0
18909.0,54.0,36.0,33.0,32.0,0.0,100.0
18951.0,48.0,32.0,33.0,31.0,0.0,100.0
18993.0,48.0,32.0,33.0,32.0,0.0,100.0
19034.0,50.0,36.0,32.0,31.0,0.0,100.0
19076.0,42.0,44.0,33.0,32.0,50.0,70.0
19118.0,35.0,44.0,33.0,32.0,79.0,41.0
19159.0,34.0,43.0,33.0,31.0,30.0,90.0
19201.0,33.0,42.0,34.0,31.0,30.0,90.0
19242.0,33.0,37.0,39.0,31.0,30.0,90.0
19284.0,33.0,31.0,55.0,32.0,100.0,0.0
19326.0,33.0,32.0,55.0,37.0,90.0,30.0
19367.0,33.0,31.0,62.0,39.0,90.0,30.0
19409.0,33.0,31.0,78.0,35.0,90.0,30.0
19451.0,32.0,31.0,62.0,32.0,90.0,30.0
19492.0,33.0,32.0,59.0,32.0,90.0,30.0
19534.0,32.0,36.0,39.0,31.0,90.0,30.0
19575.0,34.0,44.0,33.0,31.0,0.0,100.0
19617.0,45.0,41.0,33.0,32.0,0.0,100.0
19659.0,56.0,38.0,33.0,32.0,0.0,100.0
19700.0,48.0,38.0,34.0,32.0,0.0,100.0
19742.0,41.0,45.0,34.0,32.0,50.0,70.0
19784.0,37.0,45.0,33.0,32.0,79.0,41.0
19825.0,36.0,43.0,32.0,32.0,30.0,90.0
19867.0,40.0,42.0,32.0,32.0,30.0,90.0
19908.0,39.0,44.0,33.0,31.0,30.0,90.0
19950.0,35.0,43.0,33.0,31.0,30.0,90.0
19992.0,33.0,43.0,33.0,31.0,30.0,90.0
20033.0,33.0,38.0,38.0,31.0,30.0,90.0
20075.0,33.0,31.0,57.0,31.0,100.0,0.0
20117.0,33.0,32.0,54.0,43.0,100.0,0.0
20157.0,33.0,31.0,40.0,53.0,100.0,0.0
20199.0,32.0,31.0,41.0,62.0,70.0,50.0
20240.0,33.0,31.0,52.0,40.0,41.0,79.0
20282.0,32.0,30.0,52.0,35.0,90.0,30.0
20324.0,32.0,31.0,53.0,35.0,90.0,30.0
20365.0,33.0,31.0,114.0,34.0,90.0,30.0
20408.0,33.0,32.0,56.0,32.0,90.0,30.0
20450.0,33.0,36.0,45.0,32.0,90.0,30.0
20491.0,34.0,46.0,34.0,31.0,0.0,100.0
20533.0,42.0,41.0,33.0,31.0,0.0,100.0
20574.0,58.0,35.0,32.0,31.0,0.0,100.0
20616.0,67.0,35.0,33.0,32.0,0.0,100.0
20658.0,46.0,39.0,33.0,32.0,0.0,100.0
20699.0,40.0,43.0,33.0,31.0,100.0,0.0
20741.0,36.0,44.0,33.0,32.0,30.0,90.0
20783.0,40.0,43.0,33.0,31.0,30.0,90.0
20824.0,42.0,44.0,33.0,32.0,0.0,100.0
20866.0,38.0,44.0,33.0,32.0,79.0,41.0
20907.0,33.0,44.0,34.0,32.0,30.0,90.0
20949.0,33.0,43.0,35.0,32.0,30.0,90.0
20991.0,33.0,37.0,53.0,32.0,100.0,0.0
21032.0,33.0,33.0,180.0,33.0,90.0,30.0
21075.0,33.0,32.0,118.0,33.0,90.0,30.0
21118.0,33.0,31.0,118.0,34.0,90.0,30.0
21160.0,33.0,30.0,72.0,35.0,90.0,30.0
21202.0,33.0,32.0,47.0,104.0,100.0,0.0
21244.0,33.0,32.0,35.0,100.0,100.0,0.0
21287.0,33.0,31.0,33.0,79.0,100.0,0.0
21329.0,33.0,31.0,33.0,48.0,100.0,0.0
21370.0,33.0,31.0,32.0,44.0,100.0,0.0
21412.0,33.0,30.0,32.0,42.0,100.0,0.0
21454.0,33.0,32.0,32.0,41.0,100.0,0.0
21495.0,33.0,32.0,33.0,41.0,100.0,0.0
21537.0,33.0,32.0,33.0,42.0,100.0,0.0
21578.0,33.0,31.0,34.0,48.0,100.0,0.0
21620.0,32.0,31.0,33.0,55.0,100.0,0.0
21662.0,32.0,31.0,35.0,52.0,100.0,0.0
21703.0,32.0,31.0,57.0,42.0,70.0,50.0
21745.0,32.0,31.0,57.0,32.0,41.0,79.0
21787.0,32.0,34.0,76.0,32.0,90.0,30.0
21828.0,33.0,36.0,41.0,31.0,90.0,30.0
21870.0,32.0,42.0,34.0,31.0,0.0,100.0
21911.0,34.0,43.0,33.0,31.0,30.0,90.0
21953.0,33.0,44.0,34.0,31.0,30.0,90.0
21995.0,33.0,42.0,34.0,31.0,30.0,90.0
22036.0,33.0,35.0,51.0,32.0,100.0,0.0
22077.0,33.0,32.0,74.0,31.0,90.0,30.0
22119.0,33.0,32.0,87.0,32.0,90.0,30.0
22160.0,33.0,32.0,79.0,32.0,90.0,30.0
22202.0,33.0,32.0,76.0,32.0,90.0,30.0
22243.0,33.0,31.0,54.0,32.0,90.0,30.0
22285.0,33.0,32.0,68.0,32.0,90.0,30.0
22327.0,33.0,35.0,48.0,32.0,90.0,30.0
22368.0,33.0,41.0,37.0,31.0,0.0,100.0
22410.0,33.0,42.0,34.0,31.0,30.0,90.0
22452.0,33.0,45.0,35.0,32.0,30.0,90.0
22493.0,33.0,38.0,38.0,31.0,30.0,90.0
22535.0,32.0,32.0,188.0,31.0,100.0,0.0
22577.0,33.0,32.0,101.0,33.0,90.0,30.0
22620.0,32.0,31.0,124.0,34.0,90.0,30.0
22663.0,33.0,32.0,86.0,33.0,90.0,30.0
22704.0,33.0,31.0,79.0,31.0,90.0,30.0
22746.0,33.0,32.0,59.0,32.0,90.0,30.0
22788.0,33.0,35.0,45.0,32.0,90.0,30.0
22829.0,33.0,41.0,35.0,32.0,0.0,100.0
22871.0,33.0,42.0,33.0,32.0,30.0,90.0
22913.0,33.0,42.0,32.0,31.0,30.0,90.0
22954.0,33.0,41.0,32.0,31.0,30.0,90.0
22996.0,33.0,42.0,33.0,31.0,30.0,90.0
23037.0,34.0,43.0,33.0,31.0,30.0,90.0
23079.0,34.0,42.0,36.0,32.0,30.0,90.0
23121.0,33.0,36.0,42.0,32.0,100.0,0.0
23162.0,33.0,34.0,54.0,32.0,90.0,30.0
23204.0,33.0,37.0,42.0,32.0,90.0,30.0
23246.0,33.0,42.0,35.0,32.0,0.0,100.0
23287.0,33.0,42.0,34.0,32.0,30.0,90.0
23329.0,34.0,44.0,34.0,31.0,30.0,90.0
23370.0,34.0,44.0,33.0,32.0,30.0,90.0
23412.0,34.0,43.0,33.0,31.0,30.0,90.0
23454.0,34.0,46.0,34.0,32.0,30.0,90.0
23495.0,33.0,41.0,35.0,32.0,30.0,90.0
23537.0,33.0,39.0,38.0,31.0,30.0,90.0
23579.0,33.0,36.0,42.0,32.0,100.0,0.0
23620.0,33.0,36.0,43.0,31.0,90.0,30.0
23662.0,33.0,41.0,35.0,31.0,0.0,100.0
23703.0,34.0,41.0,33.0,31.0,30.0,90.0
23745.0,36.0,43.0,33.0,31.0,30.0,90.0
23787.0,41.0,43.0,33.0,31.0,0.0,100.0
23828.0,56.0,40.0,33.0,32.0,0.0,100.0
23869.0,55.0,38.0,32.0,31.0,0.0,100.0
23911.0,52.0,38.0,33.0,32.0,0.0,100.0
23952.0,49.0,40.0,32.0,32.0,0.0,100.0
23994.0,52.0,43.0,33.0,31.0,50.0,70.0
24035.0,63.0,41.0,33.0,32.0,0.0,100.0
24077.0,59.0,37.0,32.0,31.0,0.0,100.0
24119.0,49.0,35.0,33.0,32.0,0.0,100.0
24160.0,52.0,36.0,33.0,32.0,0.0,100.0
24202.0,52.0,36.0,33.0,31.0,0.0,100.0
24244.0,75.0,37.0,33.0,32.0,0.0,100.0
24285.0,70.0,38.0,33.0,32.0,0.0,100.0
24327.0,86.0,39.0,34.0,32.0,0.0,100.0
24368.0,58.0,42.0,34.0,33.0,50.0,70.0
24410.0,56.0,44.0,33.0,32.0,0.0,100.0
24452.0,49.0,40.0,33.0,31.0,0.0,100.0
24493.0,50.0,41.0,32.0,32.0,50.0,70.0
24535.0,41.0,44.0,33.0,32.0,0.0,100.0
24577.0,38.0,44.0,33.0,32.0,79.0,41.0
24618.0,33.0,44.0,34.0,32.0,30.0,90.0
24660.0,34.0,44.0,34.0,31.0,30.0,90.0
24701.0,33.0,39.0,35.0,32.0,30.0,90.0
24743.0,33.0,35.0,42.0,33.0,100.0,0.0
24785.0,33.0,33.0,66.0,33.0,90.0,30.0
24826.0,33.0,33.0,93.0,32.0,90.0,30.0
24868.0,33.0,36.0,49.0,32.0,90.0,30.0
24910.0,33.0,40.0,39.0,32.0,90.0,30.0
24951.0,34.0,43.0,34.0,32.0,0.0,100.0
24993.0,36.0,44.0,33.0,32.0,30.0,90.0
25034.0,35.0,43.0,33.0,31.0,30.0,90.0
25076.0,34.0,44.0,33.0,30.0,30.0,90.0
25118.0,34.0,43.0,33.0,32.0,30.0,90.0
25159.0,33.0,43.0,33.0,32.0,30.0,90.0
25201.0,33.0,45.0,33.0,32.0,30.0,90.0
25243.0,33.0,40.0,37.0,32.0,30.0,90.0
25284.0,33.0,33.0,53.0,31.0,100.0,0.0
25326.0,33.0,32.0,74.0,32.0,90.0,30.0
25367.0,33.0,31.0,86.0,32.0,90.0,30.0
25409.0,33.0,32.0,83.0,32.0,90.0,30.0
25451.0,33.0,34.0,55.0,32.0,90.0,30.0
25492.0,34.0,41.0,36.0,31.0,0.0,100.0
25533.0,34.0,43.0,33.0,32.0,30.0,90.0
25575.0,34.0,44.0,33.0,31.0,30.0,90.0
25616.0,35.0,42.0,32.0,31.0,30.0,90.0
25658.0,35.0,43.0,32.0,32.0,30.0,90.0
25699.0,34.0,45.0,33.0,32.0,30.0,90.0
25741.0,34.0,42.0,33.0,31.0,30.0,90.0
25783.0,34.0,43.0,34.0,32.0,30.0,90.0
25824.0,33.0,41.0,36.0,32.0,30.0,90.0
25866.0,33.0,36.0,45.0,32.0,100.0,0.0
25908.0,33.0,33.0,75.0,33.0,90.0,30.0
25949.0,34.0,33.0,95.0,32.0,90.0,30.0
25991.0,33.0,35.0,41.0,32.0,90.0,30.0
26032.0,33.0,43.0,35.0,32.0,0.0,100.0
26074.0,34.0,44.0,33.0,32.0,30.0,90.0
26116.0,33.0,42.0,33.0,31.0,30.0,90.0
26157.0,33.0,41.0,35.0,31.0,30.0,90.0
26199.0,34.0,37.0,43.0,31.0,100.0,0.0
26241.0,33.0,34.0,95.0,32.0,90.0,30.0
26282.0,33.0,33.0,73.0,33.0,90.0,30.0
26324.0,33.0,32.0,152.0,34.0,90.0,30.0
26366.0,32.0,31.0,130.0,230.0,100.0,0.0
26410.0,32.0,31.0,37.0,41.0,100.0,0.0
26452.0,32.0,31.0,32.0,31.0,100.0,0.0
26493.0,32.0,31.0,32.0,32.0,100.0,0.0
26535.0,32.0,31.0,33.0,31.0,100.0,0.0
26577.0,33.0,31.0,33.0,31.0,100.0,0.0
26618.0,32.0,32.0,33.0,31.0,100.0,0.0
26660.0,33.0,31.0,32.0,32.0,100.0,0.0
26701.0,32.0,31.0,32.0,31.0,100.0,0.0
26743.0,33.0,31.0,34.0,31.0,100.0,0.0
26785.0,33.0,31.0,32.0,35.0,100.0,0.0
26826.0,33.0,31.0,34.0,69.0,100.0,0.0
26868.0,33.0,31.0,138.0,35.0,0.0,100.0
26911.0,33.0,42.0,38.0,32.0,0.0,100.0
26952.0,35.0,48.0,34.0,32.0,30.0,90.0
26994.0,38.0,47.0,33.0,32.0,30.0,90.0
27035.0,43.0,44.0,33.0,32.0,0.0,100.0
27077.0,46.0,44.0,33.0,32.0,0.0,100.0
27119.0,37.0,42.0,33.0,31.0,79.0,41.0
27160.0,33.0,43.0,34.0,32.0,30.0,90.0
27202.0,33.0,42.0,35.0,32.0,30.0,90.0
27244.0,33.0,36.0,43.0,31.0,100.0,0.0
27285.0,33.0,32.0,104.0,32.0,90.0,30.0
27328.0,33.0,32.0,64.0,32.0,90.0,30.0
27368.0,33.0,32.0,57.0,32.0,90.0,30.0
27410.0,33.0,32.0,64.0,31.0,90.0,30.0
27452.0,33.0,33.0,60.0,32.0,90.0,30.0
27493.0,33.0,36.0,45.0,32.0,90.0,30.0
27535.0,33.0,42.0,35.0,31.0,0.0,100.0
27577.0,34.0,44.0,34.0,32.0,30.0,90.0
27618.0,33.0,42.0,33.0,32.0,30.0,90.0
27660.0,33.0,44.0,34.0,32.0,30.0,90.0
27701.0,33.0,40.0,37.0,32.0,30.0,90.0
27743.0,33.0,37.0,43.0,31.0,100.0,0.0
27785.0,34.0,37.0,45.0,32.0,90.0,30.0
27826.0,34.0,41.0,37.0,32.0,0.0,100.0
27868.0,34.0,43.0,34.0,32.0,30.0,90.0
27910.0,33.0,43.0,34.0,32.0,30.0,90.0
27951.0,34.0,44.0,34.0,32.0,30.0,90.0
27993.0,34.0,44.0,35.0,31.0,30.0,90.0
28034.0,34.0,45.0,35.0,32.0,30.0,90.0
28076.0,34.0,46.0,34.0,32.0,30.0,90.0
28118.0,34.0,44.0,33.0,31.0,30.0,90.0
28159.0,37.0,45.0,34.0,32.0,30.0,90.0
28201.0,53.0,42.0,33.0,31.0,0.0,100.0
28243.0,54.0,35.0,33.0,31.0,0.0,100.0
28284.0,48.0,33.0,32.0,31.0,0.0,100.0
28326.0,46.0,32.0,32.0,31.0,0.0,100.0
28367.0,45.0,33.0,33.0,32.0,0.0,100.0
28409.0,57.0,34.0,33.0,33.0,0.0,100.0
28451.0,52.0,34.0,33.0,32.0,0.0,100.0
28492.0,50.0,34.0,33.0,32.0,0.0,100.0
28534.0,60.0,34.0,33.0,32.0,0.0,100.0
28576.0,55.0,35.0,33.0,31.0,0.0,100.0
28617.0,55.0,36.0,33.0,31.0,0.0,100.0
28659.0,54.0,35.0,33.0,31.0,0.0,100.0
28700.0,52.0,35.0,33.0,31.0,0.0,100.0
28742.0,54.0,35.0,33.0,31.0,0.0,100.0
28784.0,54.0,35.0,33.0,31.0,0.0,100.0
28825.0,55.0,36.0,33.0,31.0,0.0,100.0
28867.0,58.0,36.0,33.0,31.0,0.0,100.0
28909.0,59.0,36.0,33.0,32.0,0.0,100.0
28950.0,62.0,36.0,33.0,32.0,0.0,100.0
28992.0,61.0,37.0,33.0,31.0,0.0,100.0
29032.0,55.0,37.0,32.0,31.0,0.0,100.0
29074.0,54.0,38.0,32.0,31.0,0.0,100.0
29116.0,55.0,38.0,33.0,31.0,0.0,100.0
29157.0,52.0,38.0,33.0,31.0,0.0,100.0
29199.0,64.0,38.0,34.0,32.0,0.0,100.0
29241.0,67.0,39.0,33.0,32.0,0.0,100.0
29282.0,78.0,39.0,33.0,32.0,0.0,100.0
29324.0,60.0,40.0,33.0,32.0,0.0,100.0
29365.0,66.0,40.0,33.0,32.0,0.0,100.0
29407.0,67.0,41.0,33.0,32.0,50.0,70.0
29449.0,76.0,40.0,34.0,32.0,0.0,100.0
29490.0,69.0,34.0,32.0,31.0,0.0,100.0
29532.0,52.0,34.0,33.0,32.0,0.0,100.0
29574.0,54.0,34.0,33.0,32.0,0.0,100.0
29615.0,52.0,34.0,33.0,32.0,0.0,100.0
29657.0,56.0,34.0,33.0,32.0,0.0,100.0
29698.0,56.0,34.0,33.0,32.0,0.0,100.0
29740.0,53.0,35.0,33.0,32.0,0.0,100.0
29782.0,55.0,37.0,33.0,32.0,0.0,100.0
29823.0,57.0,37.0,33.0,32.0,0.0,100.0
29865.0,53.0,39.0,33.0,32.0,0.0,100.0
29907.0,56.0,40.0,33.0,32.0,0.0,100.0
29948.0,49.0,43.0,32.0,32.0,50.0,70.0
29990.0,47.0,44.0,33.0,31.0,0.0,100.0
30031.0,65.0,38.0,33.0,32.0,0.0,100.0
30073.0,101.0,41.0,34.0,32.0,50.0,70.0
30116.0,50.0,40.0,33.0,32.0,0.0,100.0
30157.0,53.0,38.0,34.0,32.0,0.0,100.0
30199.0,52.0,40.0,33.0,32.0,0.0,100.0
30241.0,41.0,43.0,33.0,32.0,50.0,70.0
30282.0,38.0,44.0,33.0,31.0,79.0,41.0
30324.0,40.0,44.0,33.0,31.0,30.0,90.0
30365.0,49.0,38.0,32.0,31.0,0.0,100.0
30407.0,50.0,34.0,33.0,32.0,0.0,100.0
30449.0,47.0,33.0,33.0,32.0,0.0,100.0
30490.0,61.0,34.0,33.0,32.0,0.0,100.0
30532.0,43.0,41.0,33.0,32.0,50.0,70.0
30574.0,37.0,43.0,33.0,32.0,79.0,41.0
30615.0,40.0,42.0,32.0,32.0,30.0,90.0
30657.0,49.0,37.0,34.0,31.0,0.0,100.0
30698.0,50.0,35.0,33.0,31.0,0.0,100.0
30740.0,45.0,39.0,33.0,32.0,0.0,100.0
30781.0,37.0,42.0,33.0,32.0,100.0,0.0
30822.0,35.0,45.0,33.0,32.0,30.0,90.0
30864.0,36.0,45.0,34.0,32.0,30.0,90.0
30906.0,34.0,45.0,33.0,32.0,30.0,90.0
30947.0,34.0,44.0,34.0,33.0,30.0,90.0
30989.0,33.0,44.0,35.0,32.0,30.0,90.0
31030.0,33.0,37.0,46.0,32.0,100.0,0.0
31072.0,33.0,32.0,75.0,32.0,90.0,30.0
31114.0,33.0,32.0,62.0,32.0,90.0,30.0
31155.0,33.0,32.0,57.0,32.0,90.0,30.0
31197.0,33.0,34.0,64.0,31.0,90.0,30.0
31239.0,32.0,39.0,38.0,31.0,90.0,30.0
31280.0,33.0,42.0,33.0,32.0,0.0,100.0
31322.0,40.0,44.0,33.0,31.0,30.0,90.0
31363.0,44.0,41.0,32.0,31.0,0.0,100.0
31405.0,44.0,42.0,33.0,32.0,0.0,100.0
31447.0,39.0,45.0,33.0,31.0,79.0,41.0
31488.0,36.0,46.0,33.0,32.0,30.0,90.0
31530.0,37.0,44.0,32.0,32.0,30.0,90.0
31572.0,38.0,45.0,33.0,32.0,30.0,90.0
31613.0,35.0,44.0,33.0,31.0,30.0,90.0
31655.0,34.0,43.0,33.0,31.0,30.0,90.0
31696.0,33.0,41.0,37.0,31.0,30.0,90.0
31738.0,33.0,33.0,58.0,32.0,100.0,0.0
31780.0,33.0,31.0,59.0,32.0,90.0,30.0
31821.0,32.0,31.0,68.0,33.0,90.0,30.0
31863.0,32.0,32.0,59.0,33.0,90.0,30.0
31905.0,33.0,31.0,81.0,32.0,90.0,30.0
31946.0,33.0,31.0,48.0,32.0,90.0,30.0
31988.0,33.0,32.0,69.0,32.0,90.0,30.0
32029.0,32.0,32.0,49.0,32.0,90.0,30.0
32071.0,33.0,40.0,38.0,32.0,90.0,30.0
32113.0,35.0,45.0,32.0,31.0,0.0,100.0
32154.0,48.0,34.0,32.0,31.0,0.0,100.0
32196.0,45.0,32.0,33.0,32.0,0.0,100.0
32238.0,42.0,31.0,33.0,32.0,0.0,100.0
32279.0,43.0,31.0,33.0,31.0,0.0,100.0
32321.0,45.0,32.0,33.0,31.0,0.0,100.0
32362.0,48.0,32.0,33.0,32.0,0.0,100.0
32404.0,45.0,34.0,32.0,32.0,0.0,100.0
32445.0,63.0,36.0,32.0,32.0,0.0,100.0
32486.0,72.0,38.0,33.0,31.0,0.0,100.0
32528.0,48.0,39.0,33.0,32.0,0.0,100.0
32570.0,46.0,39.0,33.0,32.0,0.0,100.0
32611.0,46.0,40.0,33.0,32.0,0.0,100.0
32653.0,44.0,40.0,34.0,32.0,0.0,100.0
32694.0,43.0,41.0,33.0,31.0,50.0,70.0
32736.0,44.0,41.0,33.0,31.0,0.0,100.0
32778.0,47.0,39.0,33.0,31.0,0.0,100.0
32819.0,43.0,45.0,33.0,31.0,50.0,70.0
32861.0,39.0,43.0,33.0,31.0,79.0,41.0
32903.0,42.0,43.0,33.0,31.0,0.0,100.0
32944.0,45.0,40.0,33.0,31.0,0.0,100.0
32986.0,43.0,43.0,33.0,32.0,50.0,70.0
33027.0,44.0,44.0,33.0,32.0,0.0,100.0
33069.0,82.0,39.0,33.0,32.0,0.0,100.0
33111.0,50.0,39.0,33.0,31.0,0.0,100.0
33152.0,47.0,40.0,32.0,31.0,0.0,100.0
33194.0,44.0,41.0,32.0,31.0,50.0,70.0
33236.0,48.0,39.0,32.0,31.0,0.0,100.0
33277.0,49.0,34.0,32.0,32.0,0.0,100.0
33319.0,48.0,34.0,32.0,31.0,0.0,100.0
33360.0,48.0,34.0,32.0,31.0,0.0,100.0
33402.0,49.0,34.0,32.0,31.0,0.0,100.0
33444.0,48.0,34.0,32.0,31.0,0.0,100.0
33485.0,48.0,34.0,32.0,32.0,0.0,100.0
33527.0,47.0,34.0,32.0,31.0,0.0,100.0
33569.0,47.0,34.0,32.0,31.0,0.0,100.0
33610.0,48.0,34.0,32.0,31.0,0.0,100.0
33652.0,47.0,33.0,32.0,31.0,0.0,100.0
33693.0,48.0,33.0,32.0,31.0,0.0,100.0
33735.0,48.0,34.0,32.0,31.0,0.0,100.0
33777.0,48.0,34.0,32.0,31.0,0.0,100.0
33818.0,48.0,34.0,32.0,32.0,0.0,100.0
33860.0,48.0,34.0,32.0,32.0,0.0,100.0
33902.0,48.0,33.0,32.0,32.0,0.0,100.0
33943.0,48.0,33.0,32.0,31.0,0.0,100.0
33985.0,49.0,33.0,32.0,31.0,0.0,100.0
34026.0,50.0,33.0,32.0,31.0,0.0,100.0
34068.0,50.0,33.0,32.0,31.0,0.0,100.0
34109.0,51.0,33.0,32.0,31.0,0.0,100.0
34150.0,51.0,33.0,32.0,31.0,0.0,100.0
34192.0,51.0,33.0,32.0,31.0,0.0,100.0
34234.0,50.0,33.0,32.0,31.0,0.0,100.0
34275.0,48.0,33.0,32.0,31.0,0.0,100.0
34317.0,47.0,33.0,32.0,31.0,0.0,100.0
34358.0,47.0,33.0,32.0,31.0,0.0,100.0
34400.0,46.0,33.0,32.0,31.0,0.0,100.0
34442.0,45.0,32.0,32.0,31.0,0.0,100.0
34483.0,45.0,32.0,32.0,31.0,0.0,100.0
34525.0,46.0,32.0,32.0,31.0,0.0,100.0
34567.0,46.0,32.0,33.0,31.0,0.0,100.0
34608.0,47.0,33.0,32.0,31.0,0.0,100.0
34650.0,48.0,32.0,32.0,31.0,0.0,100.0
34691.0,48.0,32.0,32.0,31.0,0.0,100.0
34733.0,50.0,32.0,32.0,31.0,0.0,100.0
34775.0,55.0,32.0,33.0,30.0,0.0,100.0
34816.0,61.0,32.0,32.0,30.0,0.0,100.0
34858.0,67.0,32.0,32.0,31.0,0.0,100.0
34900.0,78.0,32.0,33.0,31.0,0.0,100.0
34941.0,75.0,32.0,32.0,31.0,0.0,100.0
34983.0,77.0,32.0,33.0,31.0,0.0,100.0
35024.0,70.0,32.0,32.0,31.0,0.0,100.0
35066.0,68.0,32.0,32.0,31.0,0.0,100.0
35108.0,74.0,32.0,32.0,31.0,0.0,100.0
35149.0,76.0,32.0,32.0,31.0,0.0,100.0
35191.0,71.0,32.0,33.0,31.0,0.0,100.0
35233.0,80.0,33.0,32.0,31.0,0.0,100.0
35274.0,84.0,32.0,33.0,31.0,0.0,100.0
35316.0,79.0,32.0,32.0,31.0,0.0,100.0
35357.0,79.0,32.0,32.0,31.0,0.0,100.0
35399.0,72.0,32.0,33.0,31.0,0.0,100.0
35441.0,67.0,32.0,32.0,31.0,0.0,100.0
35482.0,76.0,32.0,32.0,31.0,0.0,100.0
35524.0,78.0,32.0,32.0,31.0,0.0,100.0
35566.0,72.0,32.0,32.0,31.0,0.0,100.0
35607.0,81.0,32.0,33.0,31.0,0.0,100.0
35649.0,84.0,32.0,33.0,31.0,0.0,100.0
35690.0,80.0,32.0,32.0,31.0,0.0,100.0
35732.0,79.0,32.0,32.0,31.0,0.0,100.0
35773.0,72.0,32.0,32.0,31.0,0.0,100.0
35814.0,67.0,32.0,33.0,31.0,0.0,100.0
35856.0,76.0,32.0,32.0,31.0,0.0,100.0
35898.0,81.0,32.0,32.0,31.0,0.0,100.0
35939.0,72.0,32.0,32.0,31.0,0.0,100.0
35981.0,81.0,32.0,32.0,31.0,0.0,100.0
36022.0,85.0,32.0,33.0,31.0,0.0,100.0
36064.0,80.0,32.0,32.0,31.0,0.0,100.0
36106.0,78.0,32.0,32.0,31.0,0.0,100.0
36147.0,72.0,32.0,32.0,31.0,0.0,100.0
36189.0,67.0,32.0,32.0,31.0,0.0,100.0
36231.0,77.0,32.0,33.0,31.0,0.0,100.0
36272.0,81.0,32.0,32.0,31.0,0.0,100.0
36314.0,73.0,32.0,32.0,31.0,0.0,100.0
36355.0,72.0,32.0,32.0,31.0,0.0,100.0
36397.0,63.0,32.0,33.0,31.0,0.0,100.0
36439.0,53.0,32.0,33.0,31.0,0.0,100.0
36480.0,49.0,33.0,32.0,31.0,0.0,100.0
36522.0,46.0,32.0,32.0,31.0,0.0,100.0
36564.0,45.0,32.0,32.0,31.0,0.0,100.0
36605.0,46.0,33.0,32.0,31.0,0.0,100.0
36647.0,51.0,33.0,33.0,31.0,0.0,100.0
36688.0,48.0,33.0,32.0,31.0,0.0,100.0
36730.0,47.0,33.0,32.0,31.0,0.0,100.0
36772.0,49.0,34.0,32.0,31.0,0.0,100.0
36813.0,51.0,36.0,32.0,32.0,0.0,100.0
36855.0,49.0,37.0,32.0,31.0,0.0,100.0
36897.0,48.0,37.0,32.0,31.0,0.0,100.0
36938.0,49.0,38.0,32.0,30.0,0.0,100.0
36980.0,48.0,41.0,33.0,31.0,50.0,70.0
37021.0,46.0,40.0,33.0,31.0,0.0,100.0
37063.0,50.0,38.0,32.0,31.0,0.0,100.0
37105.0,48.0,40.0,32.0,31.0,0.0,100.0
37146.0,43.0,44.0,33.0,31.0,50.0,70.0
37188.0,41.0,44.0,33.0,32.0,0.0,100.0
37230.0,44.0,43.0,33.0,32.0,0.0,100.0
37271.0,38.0,44.0,33.0,32.0,79.0,41.0
37313.0,35.0,44.0,33.0,32.0,30.0,90.0
37354.0,34.0,42.0,33.0,30.0,30.0,90.0
37396.0,35.0,45.0,33.0,31.0,30.0,90.0
37437.0,34.0,44.0,33.0,32.0,30.0,90.0
37478.0,35.0,44.0,34.0,32.0,30.0,90.0
37520.0,38.0,44.0,37.0,32.0,30.0,90.0
37562.0,183.0,107.0,341.0,225.0,30.0,90.0
37607.0,33.0,32.0,127.0,33.0,100.0,0.0
37650.0,34.0,32.0,142.0,39.0,90.0,30.0
37693.0,33.0,31.0,121.0,41.0,100.0,0.0
37735.0,33.0,32.0,126.0,33.0,41.0,79.0
37778.0,33.0,39.0,40.0,32.0,90.0,30.0
37819.0,38.0,47.0,33.0,32.0,0.0,100.0
37861.0,50.0,32.0,33.0,32.0,0.0,100.0
37903.0,37.0,31.0,32.0,31.0,0.0,100.0
37944.0,33.0,31.0,33.0,32.0,0.0,100.0
37986.0,33.0,32.0,32.0,31.0,0.0,100.0
38028.0,33.0,32.0,33.0,31.0,0.0,100.0
38069.0,33.0,32.0,33.0,31.0,0.0,100.0
38111.0,34.0,32.0,33.0,31.0,0.0,100.0
38152.0,33.0,31.0,33.0,32.0,0.0,100.0
38194.0,33.0,32.0,33.0,32.0,0.0,100.0
38236.0,33.0,32.0,33.0,32.0,0.0,100.0
38277.0,33.0,31.0,32.0,31.0,0.0,100.0
38319.0,33.0,31.0,33.0,31.0,0.0,100.0
38361.0,33.0,31.0,33.0,31.0,0.0,100.0
38402.0,33.0,32.0,33.0,32.0,0.0,100.0
38444.0,32.0,32.0,32.0,31.0,0.0,100.0
38485.0,33.0,32.0,32.0,31.0,0.0,100.0
38527.0,34.0,31.0,32.0,31.0,0.0,100.0
38569.0,36.0,31.0,32.0,32.0,0.0,100.0
38610.0,42.0,32.0,33.0,31.0,0.0,100.0
38652.0,45.0,31.0,33.0,32.0,0.0,100.0
38694.0,50.0,34.0,32.0,31.0,0.0,100.0
38735.0,39.0,43.0,33.0,32.0,100.0,0.0
38777.0,33.0,326.0,33.0,31.0,30.0,90.0
38820.0,33.0,42.0,34.0,32.0,30.0,90.0
38861.0,33.0,37.0,42.0,33.0,100.0,0.0
38903.0,33.0,33.0,63.0,31.0,90.0,30.0
38944.0,33.0,32.0,79.0,31.0,90.0,30.0
38986.0,32.0,35.0,50.0,32.0,90.0,30.0
39028.0,33.0,42.0,35.0,32.0,0.0,100.0
39069.0,34.0,45.0,33.0,32.0,30.0,90.0
39111.0,36.0,45.0,34.0,32.0,30.0,90.0
39153.0,35.0,43.0,33.0,32.0,30.0,90.0
39194.0,36.0,45.0,33.0,31.0,30.0,90.0
